"","Avocado","Strawberry","Fig","Plum(ume)","Mandarin","Navel","Persimmon","Kiwi","Grapefruit","Watermelon","Jp.Plum","Jp.Pear","Natsumikan","Pineapple","Banana","Grape(s)","Melon","Peach(w)","Yuzu","Apple","Lemon","Grape(c)","Peach(y)","S.Muscat"
"Ile",83,25,17,14,15,17,17,46,12,14,13,7,16,18,35,6,16,10,37,4,6,10,16,11
"Leu",140,42,26,21,25,28,26,56,19,15,17,9,28,24,70,11,23,16,60,6,9,17,18,18
"Lys",120,34,23,21,27,32,23,51,24,14,17,6,30,24,51,11,22,17,61,5,10,18,18,19
"Met",38,12,5,4,6,6,6,19,5,5,3,3,4,11,14,3,6,4,13,2,3,4,4,4
"Cys",38,16,9,4,9,11,10,30,10,7,4,3,10,19,15,5,12,5,16,2,4,6,6,7
"Phe",85,24,14,12,15,17,17,36,12,15,10,5,16,14,36,7,19,9,42,3,7,13,10,13
"Tyr",63,14,7,10,9,10,8,20,8,5,6,2,10,14,9,3,9,6,35,1,5,9,9,11
"Thr",91,29,19,15,17,19,20,46,17,10,14,8,18,18,35,11,23,15,41,4,7,16,14,14
"Trp",29,8,5,4,4,5,7,14,4,5,2,1,5,7,10,2,8,2,11,1,2,4,3,6
"Val",110,32,23,18,20,23,19,51,17,14,15,12,22,22,49,9,28,14,48,4,9,15,14,14
"His",52,15,9,11,10,11,8,23,10,10,8,3,11,11,82,8,14,8,27,2,4,13,8,14
"Arg",91,34,14,11,52,60,17,61,95,51,9,4,50,15,45,38,19,8,48,3,9,100,11,170
"Ala",99,43,32,18,33,29,18,44,32,13,26,11,29,33,40,40,110,23,48,5,20,44,17,20
"Asp",220,190,140,240,74,130,36,97,190,35,220,140,180,110,100,13,100,260,220,47,120,26,200,26
"Glu",240,150,52,35,51,54,41,150,56,80,34,15,71,58,120,42,220,34,120,12,48,92,34,39
"Gly",99,30,19,14,17,20,18,51,16,10,11,5,19,21,42,8,30,11,47,4,8,12,12,13
"Pro",97,24,34,18,73,110,18,40,55,11,43,8,69,16,39,30,20,12,120,4,31,47,12,20
"Ser",120,35,29,24,33,38,17,42,36,13,18,11,29,33,43,11,44,19,56,5,36,18,19,15
"NH3",41,32,21,31,13,18,9,19,23,11,28,13,25,21,21,12,25,28,29,5,23,12,31,6
